timestamp,worker_id,x,y,alert_type
1774822839.1688964,WK_102,49.01,80.66,NORMAL
1774822841.178509,WK_048,15.48,46.3,NORMAL
1774822843.1896806,WK_089,84.72,50.91,NORMAL
1774822845.2089517,WK_004,49.61,82.08,NORMAL
1774822847.719383,WK_102,49.4,80.52,NORMAL
1774822849.7231414,WK_048,15.8,46.15,NORMAL
1774822851.731273,WK_089,84.58,50.85,NORMAL
1774822853.737035,WK_004,50.11,80.72,NORMAL
1774822856.244468,WK_102,49.59,79.8,NORMAL
1774822858.2504127,WK_048,15.96,46.79,NORMAL
1774822860.2576518,WK_089,84.87,50.66,NORMAL
1774822862.2773767,WK_004,49.87,80.43,NORMAL
1774822864.794118,WK_102,49.47,80.38,NORMAL
1774822866.8063607,WK_048,16.04,47.07,NORMAL
1774822868.8228922,WK_089,85.22,50.31,NORMAL
1774822870.8487735,WK_004,49.86,80.41,NORMAL
1774822873.3543615,WK_102,49.83,79.65,NORMAL
1774822875.3769813,WK_048,15.5,46.62,NORMAL
1774822877.3956523,WK_089,85.05,50.22,NORMAL
1774822879.4033904,WK_004,50.16,79.57,NORMAL
1774822881.910288,WK_102,50.47,78.64,NORMAL
1774822883.9167006,WK_048,15.14,45.62,NORMAL
1774822885.932952,WK_089,85.19,50.47,NORMAL
1774822887.9380813,WK_004,49.83,79.24,NORMAL
1774832333.1214535,WK_089,83.7,51.73,NORMAL
1774832677.276442,WK_004,47.97,71.17,NORMAL
1774832679.7967641,WK_102,49.54,70.69,NORMAL
1774832681.8125422,WK_048,19.16,49.64,NORMAL
1774832683.8206174,WK_089,80.58,54.2,NORMAL
1774832685.825191,WK_004,48.2,71.28,NORMAL
1774832688.3428776,WK_102,50.01,70.77,NORMAL
1774832690.3503451,WK_048,19.61,49.72,NORMAL
1774832692.3697715,WK_089,80.91,53.86,NORMAL
1774832694.3903325,WK_004,47.88,70.91,NORMAL
1774832696.8983116,WK_102,49.89,70.31,NORMAL
1774832698.9123087,WK_048,19.83,49.53,NORMAL
1774832700.9263,WK_089,80.84,54.28,NORMAL
1774832702.9435427,WK_004,47.4,71.12,NORMAL
1774832705.4524004,WK_102,49.89,69.89,NORMAL
1774832707.4603174,WK_048,20.06,50.12,NORMAL
1774832709.4805832,WK_089,80.34,54.77,NORMAL
1774832711.4854035,WK_004,47.78,71.02,NORMAL
1774832713.9955246,WK_102,50.36,68.89,NORMAL
1774832716.001884,WK_048,19.95,49.73,NORMAL
1774832718.0086257,WK_089,80.03,54.86,NORMAL
1774832720.0162177,WK_004,47.99,71.13,NORMAL
1774832722.5454988,WK_102,50.21,69.24,NORMAL
1774832724.551472,WK_048,19.83,49.89,NORMAL
1774832726.5577047,WK_089,80.22,54.84,NORMAL
1774832728.562946,WK_004,48.22,71.32,NORMAL
1774832731.0857713,WK_102,50.19,68.6,NORMAL
1774832733.092823,WK_048,20.15,50.39,NORMAL
1774832735.1093376,WK_089,80.38,54.1,NORMAL
1774832737.1305785,WK_004,48.01,71.24,NORMAL
1774832739.6346543,WK_102,49.61,68.56,NORMAL
1774832741.6410704,WK_048,20.35,50.66,NORMAL
1774832743.6517987,WK_089,80.84,54.22,NORMAL
1774832745.6783495,WK_004,48.62,71.48,NORMAL
1774832748.1819634,WK_102,49.58,68.39,NORMAL
1774832750.2000546,WK_048,20.42,50.73,NORMAL
1774832752.2055826,WK_089,80.76,53.21,NORMAL
1774832754.2090368,WK_004,49.0,71.08,NORMAL
1774832756.7349484,WK_102,49.76,68.06,NORMAL
1774832758.7416916,WK_048,19.98,49.77,NORMAL
1774832760.75168,WK_089,80.89,53.71,NORMAL
1774832762.7655406,WK_004,48.63,70.3,NORMAL
1774832765.2857978,WK_102,49.86,68.45,NORMAL
1774832767.2879722,WK_048,20.53,50.72,NORMAL
1774832769.2932992,WK_089,80.44,54.53,NORMAL
1774832771.2999198,WK_004,48.84,70.23,NORMAL
1774832773.806794,WK_102,50.02,68.55,NORMAL
1774832775.820558,WK_048,20.52,50.62,NORMAL
1774832777.8213067,WK_089,80.29,54.91,NORMAL
1774832779.822303,WK_004,48.5,70.35,NORMAL
1774832782.3319466,WK_102,50.15,68.22,NORMAL
1774832784.3598244,WK_048,20.13,50.64,NORMAL
1774832786.3822176,WK_089,80.51,54.46,NORMAL
1774832788.3908658,WK_004,48.72,69.56,NORMAL
1774832790.9178145,WK_102,49.83,67.59,NORMAL
1774832792.9249,WK_048,20.4,49.8,NORMAL
1774832794.9330602,WK_089,79.92,55.15,NORMAL
1774832796.9543064,WK_004,48.53,69.64,NORMAL
1774832799.4594297,WK_102,49.65,67.64,NORMAL
1774832801.4729676,WK_048,20.68,50.64,NORMAL
1774832803.5006602,WK_089,80.1,54.97,NORMAL
1774832805.5075474,WK_004,48.53,69.91,NORMAL
1774832808.0277684,WK_102,49.51,67.44,NORMAL
1774832810.0578454,WK_048,20.63,50.53,NORMAL
1774832812.0631979,WK_089,80.11,54.63,NORMAL
1774832814.0990624,WK_004,48.49,70.78,NORMAL
1774832816.6252584,WK_102,49.98,67.76,NORMAL
1774832818.6459022,WK_048,21.48,51.2,NORMAL
1774832820.6700518,WK_089,79.95,55.53,NORMAL
1774832822.6717386,WK_004,48.19,70.14,NORMAL
1774832825.1977074,WK_102,49.65,66.91,NORMAL
1774832827.2050738,WK_048,21.47,51.36,NORMAL
1774832829.2299592,WK_089,79.97,54.91,NORMAL
1774832831.2441103,WK_004,48.23,70.32,NORMAL
1774832833.7509334,WK_102,50.0,67.46,NORMAL
1774832835.7572234,WK_048,21.45,51.12,NORMAL
1774832837.7774477,WK_089,79.75,55.31,NORMAL
1774832839.7807949,WK_004,48.03,69.85,NORMAL
1774832842.3125095,WK_102,49.98,66.68,NORMAL
1774832844.328644,WK_048,21.46,51.82,NORMAL
1774832846.3411286,WK_089,79.72,55.05,NORMAL
1774832848.364652,WK_004,48.48,70.09,NORMAL
1774832850.8714886,WK_102,50.38,66.89,NORMAL
1774832852.8982384,WK_048,21.4,51.93,NORMAL
1774832854.902443,WK_089,80.48,53.72,NORMAL
1774832856.9086487,WK_004,48.18,69.94,NORMAL
1774832859.4294834,WK_102,50.24,65.94,NORMAL
1774832861.4568148,WK_048,21.03,51.06,NORMAL
1774832863.4788296,WK_089,80.24,54.6,NORMAL
1774832865.4810073,WK_004,48.17,69.58,NORMAL
1774832868.0051055,WK_102,50.19,65.81,NORMAL
1774832870.0272093,WK_048,20.86,49.97,NORMAL
1774832872.0472722,WK_089,79.83,54.27,NORMAL
1774832874.0817335,WK_004,48.88,69.14,NORMAL
1774832876.6112432,WK_102,49.83,66.15,NORMAL
1774832878.635353,WK_048,21.35,50.91,NORMAL
1774832880.6435897,WK_089,79.71,54.17,NORMAL
1774832882.674055,WK_004,48.62,68.94,NORMAL
1774832885.2021124,WK_102,49.9,66.16,NORMAL
1774832887.230051,WK_048,21.58,51.02,NORMAL
1774832889.2518651,WK_089,80.5,53.68,NORMAL
1774832891.2564852,WK_004,48.41,68.39,NORMAL
1774832893.7873487,WK_102,50.09,67.04,NORMAL
1774832895.795011,WK_048,21.97,51.35,NORMAL
1774832897.8267107,WK_089,80.21,53.9,NORMAL
1774832899.8569343,WK_004,48.42,68.86,NORMAL
1774832902.3713417,WK_102,50.03,66.77,NORMAL
1774832904.4005444,WK_048,22.18,51.77,NORMAL
1774832906.4167237,WK_089,80.11,54.09,NORMAL
1774832908.447991,WK_004,48.52,68.73,NORMAL
1774832910.9814465,WK_102,49.7,66.25,NORMAL
1774832912.9944673,WK_048,22.46,51.25,NORMAL
1774832915.0309782,WK_089,80.36,55.0,NORMAL
1774832917.048891,WK_004,48.72,69.15,NORMAL
1774832919.5704138,WK_102,49.56,65.19,NORMAL
1774832921.5928218,WK_048,22.3,51.67,NORMAL
1774832923.6219504,WK_089,80.9,53.64,NORMAL
1774832925.6533015,WK_004,48.71,68.88,NORMAL
1774832928.183229,WK_102,49.83,64.74,NORMAL
1774832930.1902218,WK_048,22.33,51.99,NORMAL
1774832932.213489,WK_089,80.52,54.42,NORMAL
1774832934.2430387,WK_004,48.92,68.66,NORMAL
1774832936.7646606,WK_102,50.07,64.6,NORMAL
1774832938.7715194,WK_048,22.5,52.13,NORMAL
1774832940.7945933,WK_089,80.4,55.54,NORMAL
1774832942.815041,WK_004,48.7,68.03,NORMAL
1774832945.3437855,WK_102,50.17,65.09,NORMAL
1774832947.3701136,WK_048,21.98,52.02,NORMAL
1774832949.3993983,WK_089,80.31,54.85,NORMAL
1774832951.402296,WK_004,48.34,68.47,WARNING
1774832953.9261196,WK_102,50.1,65.03,NORMAL
1774832955.9469998,WK_048,21.57,51.54,NORMAL
1774832957.9643266,WK_089,80.43,54.98,NORMAL
1774832959.968957,WK_004,48.53,68.16,WARNING
1774832962.4780622,WK_102,49.68,64.5,NORMAL
1774832964.485326,WK_048,22.18,52.07,NORMAL
1774832966.4924855,WK_089,80.16,56.13,NORMAL
1774832968.4988306,WK_004,48.93,68.32,WARNING
1774832971.006451,WK_102,49.63,64.83,NORMAL
1774832973.0126371,WK_048,22.29,52.33,NORMAL
1774832975.020022,WK_089,80.71,56.14,NORMAL
1774832977.0522332,WK_004,48.61,68.18,WARNING
1774832979.5611002,WK_102,49.48,64.96,NORMAL
1774832981.5882378,WK_048,22.13,52.12,NORMAL
1774832983.595433,WK_089,81.01,56.17,NORMAL
1774832985.608397,WK_004,48.63,68.35,WARNING
1774832988.1338167,WK_102,49.47,64.44,NORMAL
1774832990.1647778,WK_048,22.29,51.76,NORMAL
1774832992.1930346,WK_089,80.51,56.25,NORMAL
1774832994.1966808,WK_004,49.16,68.03,WARNING
1774832996.7088985,WK_102,49.47,63.73,NORMAL
1774832998.7288854,WK_048,22.02,51.92,NORMAL
1774833000.730213,WK_089,81.27,55.55,NORMAL
1774833002.7572408,WK_004,48.9,67.41,WARNING
1774833005.262714,WK_102,49.57,63.68,NORMAL
1774833007.2866232,WK_048,22.13,52.36,NORMAL
1774833009.2990034,WK_089,80.24,56.92,NORMAL
1774833011.3315463,WK_004,48.65,67.79,WARNING
1774833013.8553574,WK_102,49.77,63.19,NORMAL
1774833015.866352,WK_048,22.4,52.02,NORMAL
1774833017.875613,WK_089,80.3,57.45,NORMAL
1774833019.883546,WK_004,48.7,67.83,WARNING
1774833022.3962436,WK_102,49.44,64.33,NORMAL
1774833024.425015,WK_048,22.63,52.26,NORMAL
1774833026.4558268,WK_089,81.3,56.53,NORMAL
1774833028.4742785,WK_004,48.77,67.55,WARNING
1774833030.9943755,WK_102,49.66,63.56,DANGER
1774833033.009097,WK_048,22.68,52.66,NORMAL
1774833035.0259721,WK_089,81.28,56.81,NORMAL
1774833037.0479624,WK_004,48.75,67.58,WARNING
1774833039.5742025,WK_102,49.84,63.47,DANGER
1774833041.5902548,WK_048,23.13,53.37,NORMAL
1774833043.5928426,WK_089,81.29,56.74,NORMAL
1774833045.6222749,WK_004,48.78,66.65,WARNING
1774833048.142801,WK_102,49.95,63.92,NORMAL
1774833050.1767552,WK_048,23.34,52.74,NORMAL
1774833052.2087705,WK_089,81.7,56.19,NORMAL
1774833054.2366688,WK_004,48.88,66.55,WARNING
1774833056.744114,WK_102,50.06,64.45,DANGER
1774833058.7609081,WK_048,23.01,52.4,NORMAL
1774833060.7863808,WK_089,81.88,55.39,NORMAL
1774833062.7892866,WK_004,49.07,66.36,WARNING
1774833065.3055246,WK_102,50.19,63.51,DANGER
1774833067.3114214,WK_048,22.88,52.43,NORMAL
1774833069.3353896,WK_089,81.27,56.15,NORMAL
1774833071.3404763,WK_004,49.27,66.08,NORMAL
1774833073.8751209,WK_102,50.25,62.94,DANGER
1774833075.8797612,WK_048,22.42,52.03,NORMAL
1774833077.899221,WK_089,81.65,55.97,NORMAL
1774833079.9030416,WK_004,48.92,66.58,NORMAL
1774833082.4265878,WK_102,49.86,62.49,DANGER
1774833084.4569514,WK_048,22.54,52.23,NORMAL
1774833086.473679,WK_089,81.96,55.68,NORMAL
1774833088.4800584,WK_004,48.99,67.26,NORMAL
1774833090.9916208,WK_102,50.0,61.87,DANGER
1774833092.9976554,WK_048,22.89,52.67,NORMAL
1774833095.0047727,WK_089,82.18,55.8,NORMAL
1774833097.0112977,WK_004,49.33,67.28,NORMAL
1774833099.518409,WK_102,49.52,61.31,DANGER
1774833101.525244,WK_048,23.23,53.25,NORMAL
1774833103.531957,WK_089,82.11,56.28,NORMAL
1774833105.547248,WK_004,49.05,66.62,NORMAL
1774833108.0555682,WK_102,49.41,61.53,NORMAL
1774833110.0846431,WK_048,23.06,53.05,NORMAL
1774833112.0854146,WK_089,81.43,57.02,NORMAL
1774833114.0928051,WK_004,49.61,66.74,NORMAL
1774833116.624715,WK_102,49.8,61.01,DANGER
1774833118.6587214,WK_048,23.54,54.46,NORMAL
1774833120.676154,WK_089,81.83,56.52,NORMAL
1774833122.6910045,WK_004,50.07,66.85,NORMAL
1774833125.2250125,WK_102,50.17,60.74,DANGER
1774833127.247255,WK_048,23.35,54.94,NORMAL
1774833129.276229,WK_089,81.83,56.22,NORMAL
1774833131.2907913,WK_004,50.3,66.51,NORMAL
1774833133.8155754,WK_102,50.38,61.15,DANGER
1774833135.8420424,WK_048,23.61,54.22,NORMAL
1774833137.875447,WK_089,81.39,56.81,NORMAL
1774833139.886591,WK_004,50.41,66.02,NORMAL
1774833142.4207203,WK_102,50.28,60.55,NORMAL
1774833144.4334993,WK_048,23.4,53.72,NORMAL
1774833146.4435198,WK_089,82.52,56.47,NORMAL
1774833148.474862,WK_004,50.12,65.89,NORMAL
1774833150.9950173,WK_102,50.02,60.56,DANGER
1774833153.0009942,WK_048,23.64,54.46,NORMAL
1774833155.0195878,WK_089,82.22,56.95,NORMAL
1774833157.050806,WK_004,49.62,66.39,NORMAL
1774833159.565281,WK_102,49.91,60.07,DANGER
1774833161.5942485,WK_048,23.57,54.02,NORMAL
1774833163.5993147,WK_089,81.58,56.78,NORMAL
1774833165.6347823,WK_004,49.7,65.72,NORMAL
1774833168.1698694,WK_102,50.11,60.36,DANGER
1774833170.1799505,WK_048,23.46,53.41,NORMAL
1774833172.2047672,WK_089,81.86,57.21,NORMAL
1774833174.2137756,WK_004,49.53,65.44,NORMAL
1774833176.7364516,WK_102,50.42,61.12,DANGER
1774833178.7661648,WK_048,23.61,53.69,NORMAL
1774833180.7821407,WK_089,81.26,57.8,NORMAL
1774833182.7959864,WK_004,49.68,64.99,NORMAL
1774833185.3186061,WK_102,50.28,61.25,DANGER
1774833187.344773,WK_048,23.52,53.61,NORMAL
1774833189.377797,WK_089,82.26,57.41,NORMAL
1774833191.3836029,WK_004,49.7,64.37,NORMAL
1774833193.9112067,WK_102,50.14,61.22,NORMAL
1774833195.9149902,WK_048,23.64,53.67,NORMAL
1774833197.9184623,WK_089,82.36,56.97,NORMAL
1774833199.9370542,WK_004,49.62,64.54,NORMAL
1774833202.4477124,WK_102,50.18,60.69,NORMAL
1774833204.4781847,WK_048,23.79,53.26,NORMAL
1774833206.494126,WK_089,82.42,57.26,NORMAL
1774833208.523717,WK_004,49.68,64.4,NORMAL
1774833211.037898,WK_102,50.39,60.13,NORMAL
1774833213.0420642,WK_048,24.01,53.47,NORMAL
1774833215.0513194,WK_089,82.6,57.06,NORMAL
1774833217.0654433,WK_004,49.72,65.01,NORMAL
1774833219.5730712,WK_102,50.17,60.18,NORMAL
1774833221.5869389,WK_048,23.74,53.62,NORMAL
1774833223.6063154,WK_089,82.76,56.65,NORMAL
1774833225.627158,WK_004,49.41,64.39,NORMAL
1774833228.1345854,WK_102,50.12,59.62,NORMAL
1774833230.141977,WK_048,24.41,54.66,NORMAL
1774833232.1484604,WK_089,82.79,56.42,NORMAL
1774833234.1757448,WK_004,49.93,64.31,NORMAL
1774833236.6964338,WK_102,49.85,59.97,NORMAL
1774833238.7040577,WK_048,24.76,55.2,NORMAL
1774833240.711075,WK_089,82.67,56.87,NORMAL
1774833242.7184162,WK_004,49.73,64.34,NORMAL
1774833245.2382977,WK_102,49.84,59.63,NORMAL
1774833247.2454054,WK_048,24.67,55.45,NORMAL
1774833249.2523475,WK_089,82.81,57.43,NORMAL
1774833251.2596848,WK_004,50.36,63.78,NORMAL
1774833253.7730212,WK_102,49.82,60.33,NORMAL
1774833255.7801967,WK_048,24.41,54.89,NORMAL
1774833257.787125,WK_089,82.89,57.55,NORMAL
1774833259.7879848,WK_004,50.17,64.07,NORMAL
1774833262.2945004,WK_102,50.26,59.22,NORMAL
1774833264.3014092,WK_048,23.91,54.18,NORMAL
1774833266.3219855,WK_089,83.49,57.4,NORMAL
1774833268.3285155,WK_004,50.48,63.37,NORMAL
1774833270.8430848,WK_102,50.07,59.05,NORMAL
1774833272.8497655,WK_048,24.12,54.3,NORMAL
1774833274.856398,WK_089,82.97,58.0,NORMAL
1774833276.8631902,WK_004,50.16,63.17,NORMAL
1774833279.3702955,WK_102,50.15,59.73,NORMAL
1774833281.3769653,WK_048,24.95,54.42,NORMAL
1774833283.3842962,WK_089,83.42,57.19,NORMAL
1774833285.391265,WK_004,50.37,63.98,NORMAL
1774833287.8975563,WK_102,49.86,58.77,NORMAL
1774833289.9052303,WK_048,24.77,53.72,NORMAL
1774833291.9122822,WK_089,83.08,57.23,NORMAL
1774833293.9185255,WK_004,50.45,63.36,NORMAL
1774833296.451985,WK_102,49.54,59.3,NORMAL
1774833298.4743621,WK_048,25.05,53.94,NORMAL
1774833300.493915,WK_089,82.71,58.24,NORMAL
1774833302.5017283,WK_004,50.31,62.98,NORMAL
1774833305.0208774,WK_102,49.65,58.92,NORMAL
1774833307.0401356,WK_048,24.97,54.29,NORMAL
1774833309.0612636,WK_089,82.84,58.87,NORMAL
1774833311.0673592,WK_004,50.45,63.35,NORMAL
1774833313.5798223,WK_102,49.93,58.34,NORMAL
1774833315.6129901,WK_048,25.07,54.64,NORMAL
1774833317.6451418,WK_089,82.47,58.83,NORMAL
1774833319.6544669,WK_004,50.77,63.39,NORMAL
1774833322.1610646,WK_102,50.38,58.06,NORMAL
1774833324.1682906,WK_048,24.62,54.61,NORMAL
1774833326.1809697,WK_089,82.94,58.92,NORMAL
1774833328.1944234,WK_004,51.01,63.12,NORMAL
1774833330.7092798,WK_102,50.28,58.16,NORMAL
1774833332.7194095,WK_048,24.68,54.42,NORMAL
1774833334.731016,WK_089,82.88,58.65,NORMAL
1774833336.7522094,WK_004,51.05,63.43,NORMAL
1774833339.2654455,WK_102,50.09,58.74,NORMAL
1774833341.2722516,WK_048,25.41,55.54,NORMAL
1774833343.299329,WK_089,83.18,57.62,NORMAL
1774833345.306954,WK_004,51.16,63.06,NORMAL
1774833347.827074,WK_102,49.75,58.46,NORMAL
1774833349.8350832,WK_048,25.2,55.55,NORMAL
1774833351.8415055,WK_089,83.46,57.38,NORMAL
1774833353.855658,WK_004,50.93,62.6,NORMAL
1774833356.3626482,WK_102,49.94,58.21,NORMAL
1774833358.3697782,WK_048,25.51,55.96,NORMAL
1774833360.376296,WK_089,83.22,58.08,NORMAL
1774833362.3961442,WK_004,51.07,62.37,NORMAL
1774833364.916984,WK_102,49.87,57.7,NORMAL
1774833366.9291022,WK_048,25.28,56.1,NORMAL
1774833368.9387975,WK_089,83.35,58.3,NORMAL
1774833370.9462924,WK_004,51.31,62.7,NORMAL
1774833373.455382,WK_102,49.93,57.54,NORMAL
1774833375.4595761,WK_048,25.35,55.82,NORMAL
1774833377.4666312,WK_089,84.06,58.27,NORMAL
1774833379.4667995,WK_004,51.29,63.71,NORMAL
1774833381.9797852,WK_102,49.93,57.32,NORMAL
1774833383.9799492,WK_048,24.9,55.41,NORMAL
1774833385.9833498,WK_089,83.74,58.37,NORMAL
1774833387.993779,WK_004,51.38,63.23,NORMAL
1774833390.5009239,WK_102,49.74,57.43,NORMAL
1774833392.5144002,WK_048,25.47,55.79,NORMAL
1774833394.5369911,WK_089,84.04,58.15,NORMAL
1774833396.5430017,WK_004,51.4,62.49,NORMAL
1774833399.0496798,WK_102,49.92,56.74,NORMAL
1774833401.0568151,WK_048,25.06,55.63,NORMAL
1774833403.0614996,WK_089,83.97,57.85,NORMAL
1774833405.0703847,WK_004,51.15,62.56,NORMAL
1774833407.5767925,WK_102,49.98,56.49,NORMAL
1774833409.583915,WK_048,24.89,55.88,NORMAL
1774833411.5907617,WK_089,84.12,57.4,NORMAL
1774833413.5975442,WK_004,50.92,63.26,NORMAL
1774833416.1187322,WK_102,49.81,56.8,NORMAL
1774833418.125522,WK_048,25.13,56.03,NORMAL
1774833420.160035,WK_089,84.19,57.68,NORMAL
1774833422.1678073,WK_004,51.29,63.28,NORMAL
1774833424.687242,WK_102,49.75,56.92,NORMAL
1774833426.695337,WK_048,24.77,55.93,NORMAL
1774833428.7209978,WK_089,84.53,58.06,NORMAL
1774833430.76353,WK_004,51.14,62.32,NORMAL
1774833433.2974777,WK_102,49.83,56.62,NORMAL
1774833435.3140306,WK_048,24.91,56.89,NORMAL
1774833437.319673,WK_089,84.1,58.93,NORMAL
1774833439.3534837,WK_004,51.13,61.67,NORMAL
1774833441.8888526,WK_102,49.42,56.18,NORMAL
1774833443.905166,WK_048,24.96,57.09,NORMAL
1774833445.9177976,WK_089,83.69,59.17,NORMAL
1774833447.9275563,WK_004,51.09,61.44,NORMAL
1774833450.4619322,WK_102,49.71,55.98,NORMAL
1774833452.4722672,WK_048,25.06,56.44,NORMAL
1774833454.4728603,WK_089,83.66,59.6,NORMAL
1774833456.4942827,WK_004,50.51,61.46,NORMAL
1774833459.0019455,WK_102,49.76,55.69,NORMAL
1774833461.0072308,WK_048,25.07,56.65,NORMAL
1774833463.0446503,WK_089,83.57,59.47,NORMAL
1774833465.0579016,WK_004,50.64,61.58,WARNING
1774833467.5771508,WK_102,49.96,55.93,NORMAL
1774833469.6051795,WK_048,24.84,56.82,NORMAL
1774833471.6258066,WK_089,83.4,59.76,NORMAL
1774833473.6556177,WK_004,50.94,61.23,WARNING
1774833476.1903987,WK_102,49.71,55.95,NORMAL
1774833478.2006543,WK_048,24.74,56.88,NORMAL
1774833480.221217,WK_089,83.31,59.71,NORMAL
1774833482.226534,WK_004,50.96,61.09,WARNING
1774833484.74293,WK_102,49.82,56.05,NORMAL
1774833486.764932,WK_048,25.26,57.65,NORMAL
1774833488.7917073,WK_089,83.71,59.17,NORMAL
1774833490.8206756,WK_004,51.39,60.74,WARNING
1774833493.3518822,WK_102,49.8,55.76,NORMAL
1774833495.370219,WK_048,25.25,57.33,NORMAL
1774833497.3924224,WK_089,84.35,59.37,NORMAL
1774833499.3970015,WK_004,51.24,61.56,WARNING
1774833501.9031825,WK_102,49.83,56.09,NORMAL
1774833503.9096153,WK_048,25.64,57.28,NORMAL
1774833505.9154012,WK_089,84.07,58.87,NORMAL
1774833507.9238894,WK_004,51.56,61.55,WARNING
1774833510.4305105,WK_102,49.91,55.39,NORMAL
1774833512.430927,WK_048,25.11,56.43,NORMAL
1774833514.4443338,WK_089,84.01,59.0,NORMAL
1774833516.4503708,WK_004,51.59,60.86,WARNING
1774833518.9728253,WK_102,50.09,55.61,NORMAL
1774833520.9786007,WK_048,25.15,57.23,NORMAL
1774833523.0053704,WK_089,84.11,59.08,NORMAL
1774833525.0197017,WK_004,51.24,60.52,WARNING
1774833527.5485528,WK_102,49.79,55.19,NORMAL
1774833529.5708165,WK_048,25.06,57.68,NORMAL
1774833531.5914092,WK_089,84.57,59.02,NORMAL
1774833533.614103,WK_004,51.67,60.44,WARNING
1774833536.134475,WK_102,50.04,55.23,NORMAL
1774833538.1572027,WK_048,25.41,58.24,NORMAL
1774833540.1686308,WK_089,84.19,58.82,NORMAL
1774833542.1981146,WK_004,51.75,60.2,WARNING
1774833544.7206697,WK_102,49.99,54.78,NORMAL
1774833546.7401822,WK_048,25.07,58.08,NORMAL
1774833548.744259,WK_089,83.95,60.25,NORMAL
1774833550.7558308,WK_004,51.73,60.22,WARNING
1774833553.2745886,WK_102,49.88,54.61,NORMAL
1774833555.277626,WK_048,25.22,58.1,NORMAL
1774833557.286468,WK_089,84.04,60.25,NORMAL
1774833559.303883,WK_004,52.11,59.64,WARNING
1774833561.815972,WK_102,49.94,54.04,NORMAL
1774833563.8284593,WK_048,25.26,58.69,NORMAL
1774833565.8326783,WK_089,84.0,60.13,NORMAL
1774833567.8585367,WK_004,51.89,60.04,WARNING
1774833570.3756635,WK_102,50.14,54.37,NORMAL
1774833572.3827357,WK_048,25.06,58.31,NORMAL
1774833574.4023213,WK_089,84.73,59.27,NORMAL
1774833576.431629,WK_004,52.12,60.54,WARNING
1774833578.9671738,WK_102,50.02,53.81,NORMAL
1774833580.97623,WK_048,24.89,58.8,NORMAL
1774833583.0083454,WK_089,84.84,59.87,NORMAL
1774833585.0149689,WK_004,52.56,60.02,NORMAL
1774833587.5412521,WK_102,49.69,53.49,NORMAL
1774833589.565201,WK_048,24.69,58.42,NORMAL
1774833591.5946822,WK_089,83.97,61.13,NORMAL
1774833593.6213825,WK_004,52.43,59.34,NORMAL
1774833596.126013,WK_102,49.86,53.69,NORMAL
1774833598.149177,WK_048,24.36,57.91,NORMAL
1774833600.1763482,WK_089,83.91,60.86,NORMAL
1774833602.201394,WK_004,52.1,58.98,NORMAL
1774833604.7210119,WK_102,50.1,53.67,NORMAL
1774833606.7225478,WK_048,24.41,58.95,NORMAL
1774833608.753697,WK_089,84.43,60.42,NORMAL
1774833610.7734947,WK_004,52.56,59.06,NORMAL
1774833613.2903707,WK_102,49.91,53.65,NORMAL
1774833615.311093,WK_048,24.71,59.15,NORMAL
1774833617.3173003,WK_089,85.1,60.5,NORMAL
1774833619.350154,WK_004,52.72,59.22,NORMAL
1774833621.873304,WK_102,50.0,53.62,NORMAL
1774833623.8804896,WK_048,24.62,59.1,NORMAL
1774833625.9069953,WK_089,85.1,60.24,NORMAL
1774833627.9194632,WK_004,52.63,59.03,NORMAL
1774833630.4521453,WK_102,50.09,53.25,NORMAL
1774833632.464704,WK_048,25.17,59.7,NORMAL
1774833634.4888947,WK_089,84.78,60.5,NORMAL
1774833636.5016308,WK_004,52.29,59.4,NORMAL
1774833639.0163348,WK_102,49.83,52.65,NORMAL
1774833641.040614,WK_048,24.93,59.09,NORMAL
1774833643.0709455,WK_089,84.7,61.42,NORMAL
1774833645.0872962,WK_004,52.13,58.78,NORMAL
1774833647.6122642,WK_102,49.99,52.35,NORMAL
1774833649.6184092,WK_048,24.77,59.8,NORMAL
1774833651.6462386,WK_089,84.36,61.68,NORMAL
1774833653.650625,WK_004,52.07,58.81,NORMAL
1774833656.1603122,WK_102,49.96,52.11,NORMAL
1774833658.1664877,WK_048,25.19,59.87,NORMAL
1774833660.1864927,WK_089,84.54,60.57,NORMAL
1774833662.2078,WK_004,51.71,59.54,NORMAL
1774833664.7220974,WK_102,50.6,52.24,NORMAL
1774833666.7261093,WK_048,24.81,59.05,NORMAL
1774833668.753461,WK_089,84.41,60.28,NORMAL
1774833670.7868142,WK_004,51.76,59.15,NORMAL
1774833673.3199947,WK_102,50.3,51.92,NORMAL
1774833675.3434663,WK_048,24.35,58.79,NORMAL
1774833677.3681304,WK_089,84.49,59.66,NORMAL
1774833679.383877,WK_004,51.49,59.21,NORMAL
1774833681.9150546,WK_102,50.04,52.0,NORMAL
1774833683.919906,WK_048,24.14,58.35,NORMAL
1774833685.9278843,WK_089,84.01,59.92,NORMAL
1774833687.947785,WK_004,51.78,59.07,NORMAL
1774833690.4691412,WK_102,49.93,52.13,NORMAL
1774833692.5029707,WK_048,24.63,59.31,NORMAL
1774833694.529473,WK_089,84.59,58.8,NORMAL
1774833696.5354857,WK_004,51.87,58.77,NORMAL
1774833699.068398,WK_102,50.13,52.19,NORMAL
1774833701.0769732,WK_048,24.71,59.27,NORMAL
1774833703.0992255,WK_089,84.3,60.6,NORMAL
1774833705.1321244,WK_004,52.08,58.35,NORMAL
1774833707.6611896,WK_102,50.34,51.92,NORMAL
1774833709.6827893,WK_048,24.96,60.45,NORMAL
1774833711.7014647,WK_089,84.22,60.4,NORMAL
1774833713.7062385,WK_004,51.66,58.2,NORMAL
1774833716.2226484,WK_102,50.55,51.52,DANGER
1774833718.227661,WK_048,24.91,60.03,NORMAL
1774833720.2300637,WK_089,84.42,60.42,NORMAL
1774833722.235138,WK_004,51.95,58.17,NORMAL
1774833724.7454195,WK_102,49.96,51.3,DANGER
1774833726.7640817,WK_048,24.92,60.47,NORMAL
1774833728.7874393,WK_089,83.87,61.23,NORMAL
1774833730.8141515,WK_004,51.87,57.88,NORMAL
1774833733.3363278,WK_102,49.95,51.24,DANGER
1774833735.341759,WK_048,25.09,61.13,NORMAL
1774833737.3510177,WK_089,84.25,60.51,NORMAL
1774833739.3896863,WK_004,51.54,58.27,NORMAL
1774833741.9145858,WK_102,49.81,50.52,NORMAL
1774833743.9201822,WK_048,25.38,60.37,NORMAL
1774833745.9271557,WK_089,84.14,60.46,NORMAL
1774833747.940884,WK_004,51.21,58.46,NORMAL
1774833750.4612691,WK_102,50.24,50.81,DANGER
1774833752.4818635,WK_048,25.2,59.94,NORMAL
1774833754.489671,WK_089,84.0,61.39,NORMAL
1774833756.496578,WK_004,51.09,58.73,NORMAL
1774833759.0166924,WK_102,50.25,50.77,DANGER
1774833761.0241613,WK_048,25.06,60.64,NORMAL
1774833763.0309322,WK_089,83.51,62.7,NORMAL
1774833765.038288,WK_004,51.52,58.64,NORMAL
1774833767.558275,WK_102,50.3,50.85,DANGER
1774833769.559203,WK_048,25.37,60.7,NORMAL
1774833771.565517,WK_089,83.56,62.35,NORMAL
1774833773.5712924,WK_004,51.66,58.6,NORMAL
1774833776.0794172,WK_102,50.16,50.9,DANGER
1774833778.1015668,WK_048,25.93,61.52,NORMAL
1774833780.1075604,WK_089,83.73,62.14,NORMAL
1774833782.114519,WK_004,51.49,58.22,NORMAL
1774833784.6408193,WK_102,50.67,50.81,DANGER
1774833786.6488705,WK_048,25.68,61.3,NORMAL
1774833788.65921,WK_089,83.48,61.2,NORMAL
1774833790.6709847,WK_004,51.3,57.75,NORMAL
1774833793.1922765,WK_102,50.52,49.7,DANGER
1774833795.2274303,WK_048,25.52,61.21,NORMAL
1774833797.2309742,WK_089,83.34,60.78,NORMAL
1774833799.2324371,WK_004,51.23,57.72,NORMAL
1774833801.747529,WK_102,50.11,49.9,NORMAL
1774833803.7661426,WK_048,26.3,62.52,NORMAL
1774833805.7686837,WK_089,83.32,61.06,NORMAL
1774833807.8010614,WK_004,51.34,57.04,NORMAL
1774833810.3181622,WK_102,49.87,49.99,DANGER
1774833812.344108,WK_048,25.89,61.7,NORMAL
1774833814.3735352,WK_089,83.51,60.97,NORMAL
1774833816.3947513,WK_004,51.04,57.32,NORMAL
1774833818.898616,WK_102,49.89,49.54,DANGER
1774833820.9318569,WK_048,25.94,61.58,NORMAL
1774833822.9759705,WK_089,83.84,61.86,NORMAL
1774833824.9919827,WK_004,51.34,57.35,NORMAL
1774833827.5217717,WK_102,50.01,50.03,NORMAL
1774833829.540408,WK_048,25.86,61.97,NORMAL
1774833831.5556488,WK_089,83.86,62.24,NORMAL
1774833833.574261,WK_004,51.23,57.03,NORMAL
1774833836.1179821,WK_102,49.97,50.25,DANGER
1774833838.1492805,WK_048,25.47,60.77,NORMAL
1774833840.1595836,WK_089,83.57,62.69,NORMAL
1774833842.172205,WK_004,50.74,57.59,NORMAL
1774833844.6994178,WK_102,49.92,49.47,NORMAL
1774833846.7288573,WK_048,25.34,60.58,NORMAL
1774833848.7625265,WK_089,83.24,62.43,NORMAL
1774833850.7853034,WK_004,50.66,56.59,NORMAL
1774833853.3137934,WK_102,50.29,49.44,DANGER
1774833855.3361063,WK_048,24.93,60.63,NORMAL
1774833857.353421,WK_089,83.48,62.46,NORMAL
1774833859.3769472,WK_004,51.42,56.73,NORMAL
1774833861.9076138,WK_102,50.51,49.37,DANGER
1774833863.9126766,WK_048,24.99,61.07,NORMAL
1774833865.9390016,WK_089,82.87,61.8,NORMAL
1774833867.966226,WK_004,51.5,56.6,NORMAL
1774833870.487957,WK_102,49.95,49.43,DANGER
1774833872.495232,WK_048,25.0,61.34,NORMAL
1774833874.5018115,WK_089,83.54,61.04,NORMAL
1774833876.509215,WK_004,51.32,56.6,NORMAL
1774833879.0157058,WK_102,49.71,49.18,NORMAL
1774833881.022511,WK_048,24.81,61.17,NORMAL
1774833883.0296102,WK_089,83.48,61.57,NORMAL
1774833885.049973,WK_004,51.15,56.53,NORMAL
1774833887.5645604,WK_102,49.97,48.94,NORMAL
1774833889.5709262,WK_048,25.2,61.79,NORMAL
1774833891.5849974,WK_089,83.1,62.33,NORMAL
1774833893.5919285,WK_004,50.99,56.49,NORMAL
1774833896.0988708,WK_102,49.95,48.26,NORMAL
1774833898.105772,WK_048,25.18,61.46,NORMAL
1774833900.1198435,WK_089,83.27,61.65,NORMAL
1774833902.1340086,WK_004,50.91,56.17,NORMAL
1774833904.640831,WK_102,50.03,48.77,NORMAL
1774833906.6471248,WK_048,24.54,61.66,NORMAL
1774833908.6547177,WK_089,83.25,61.85,NORMAL
1774833910.6616888,WK_004,50.45,55.3,NORMAL
1774833913.168405,WK_102,49.92,48.45,NORMAL
1774833915.1748154,WK_048,24.91,62.89,NORMAL
1774833917.182331,WK_089,82.95,62.24,NORMAL
1774833919.2020383,WK_004,50.87,55.46,NORMAL
1774833921.7191873,WK_102,49.97,48.35,NORMAL
1774833923.7303317,WK_048,25.12,63.53,NORMAL
1774833925.7304022,WK_089,83.42,61.24,NORMAL
1774833927.7373433,WK_004,50.68,55.69,NORMAL
1774833930.2442582,WK_102,50.07,48.18,NORMAL
1774833932.264221,WK_048,25.11,62.31,NORMAL
1774833934.2659106,WK_089,83.36,61.46,NORMAL
1774833936.2722406,WK_004,50.77,55.41,NORMAL
1774833938.7785137,WK_102,49.99,48.07,NORMAL
1774833940.7866802,WK_048,24.67,61.2,NORMAL
1774833942.8058202,WK_089,83.19,61.37,NORMAL
1774833944.8134408,WK_004,50.9,55.37,NORMAL
1774833947.345064,WK_102,49.66,47.91,NORMAL
1774833949.3519492,WK_048,25.19,61.92,NORMAL
1774833951.3716002,WK_089,83.21,61.91,NORMAL
1774833953.404002,WK_004,50.95,54.76,NORMAL
1774833955.9104223,WK_102,49.56,47.58,NORMAL
1774833957.918188,WK_048,25.0,62.46,NORMAL
1774833959.930366,WK_089,83.21,61.41,NORMAL
1774833961.95162,WK_004,51.01,54.8,NORMAL
1774833964.4755702,WK_102,49.6,47.7,NORMAL
1774833966.490894,WK_048,24.89,62.21,NORMAL
1774833968.5166612,WK_089,83.08,61.28,NORMAL
1774833970.5448928,WK_004,50.76,55.01,NORMAL
1774833973.053561,WK_102,49.63,47.65,NORMAL
1774833975.0833468,WK_048,24.95,62.73,NORMAL
1774833977.1077642,WK_089,83.55,60.87,NORMAL
1774833979.1349766,WK_004,50.99,54.39,WARNING
1774833981.666157,WK_102,49.92,46.85,NORMAL
1774833983.685988,WK_048,25.15,62.82,NORMAL
1774833985.7095654,WK_089,82.78,61.85,NORMAL
1774833987.7429225,WK_004,50.9,55.24,WARNING
1774833990.261909,WK_102,49.81,46.81,NORMAL
1774833992.2932057,WK_048,24.67,62.19,NORMAL
1774833994.3241396,WK_089,82.83,61.76,NORMAL
1774833996.3412337,WK_004,50.85,54.85,WARNING
1774833998.8682477,WK_102,49.99,46.4,NORMAL
1774834000.87576,WK_048,24.81,62.7,NORMAL
1774834002.8975058,WK_089,82.88,62.12,NORMAL
1774834004.9099963,WK_004,50.91,54.17,WARNING
1774834007.4162676,WK_102,49.99,46.51,NORMAL
1774834009.4375324,WK_048,24.69,62.42,NORMAL
1774834011.464577,WK_089,82.97,62.32,NORMAL
1774834013.483363,WK_004,50.74,54.06,WARNING
1774834015.9864454,WK_102,49.79,46.91,NORMAL
1774834018.0046377,WK_048,25.03,63.68,NORMAL
1774834020.0445359,WK_089,83.34,62.72,NORMAL
1774834022.0689704,WK_004,50.7,54.58,WARNING
1774834024.5833366,WK_102,49.9,46.85,NORMAL
1774834026.6208138,WK_048,24.73,63.85,NORMAL
1774834028.64959,WK_089,82.6,63.96,NORMAL
1774834030.6560504,WK_004,50.67,54.13,WARNING
1774834033.1665332,WK_102,49.87,46.45,NORMAL
1774834035.1940525,WK_048,25.27,63.92,NORMAL
1774834037.2196367,WK_089,82.67,63.26,NORMAL
1774834039.237323,WK_004,50.54,54.56,WARNING
1774834041.770099,WK_102,49.86,46.24,NORMAL
1774834043.8037112,WK_048,24.88,63.82,NORMAL
1774834045.8080754,WK_089,82.06,63.5,NORMAL
1774834047.8194785,WK_004,50.45,54.02,WARNING
1774834050.3258984,WK_102,49.67,45.84,NORMAL
1774834052.3334446,WK_048,25.25,64.28,NORMAL
1774834054.3404908,WK_089,82.49,62.91,NORMAL
1774834056.346928,WK_004,50.27,54.51,WARNING
1774834058.880948,WK_102,49.73,45.44,NORMAL
1774834060.8898404,WK_048,25.34,64.04,NORMAL
1774834062.8960855,WK_089,82.24,63.39,NORMAL
1774834064.8959994,WK_004,50.17,53.29,WARNING
1774834067.4023075,WK_102,49.92,45.31,NORMAL
1774834069.4223127,WK_048,24.73,63.67,NORMAL
1774834071.430048,WK_089,81.83,63.67,NORMAL
1774834073.443411,WK_004,50.07,53.06,WARNING
1774834075.9506855,WK_102,49.93,45.31,NORMAL
1774834077.9582365,WK_048,24.37,63.17,NORMAL
1774834079.9783154,WK_089,82.07,63.27,NORMAL
1774834081.9855766,WK_004,50.22,53.54,WARNING
1774834084.4923165,WK_102,49.69,44.62,NORMAL
1774834086.4997082,WK_048,24.71,63.73,NORMAL
1774834088.5022137,WK_089,82.39,62.54,NORMAL
1774834090.5067217,WK_004,50.58,53.59,WARNING
1774834093.0137742,WK_102,50.08,45.1,NORMAL
1774834095.020654,WK_048,24.39,62.93,NORMAL
1774834097.0269496,WK_089,82.4,61.98,NORMAL
1774834099.0342472,WK_004,50.46,52.96,NORMAL
1774834101.5411408,WK_102,50.13,44.71,NORMAL
1774834103.5482159,WK_048,24.79,63.11,NORMAL
1774834105.5748124,WK_089,82.21,62.73,NORMAL
1774834107.5827217,WK_004,50.23,52.8,NORMAL
1774834110.0896676,WK_102,50.17,44.61,NORMAL
1774834112.096225,WK_048,25.36,64.06,NORMAL
1774834114.1034634,WK_089,82.05,62.92,NORMAL
1774834116.1099699,WK_004,50.1,52.34,NORMAL
1774834118.616883,WK_102,49.78,44.71,NORMAL
1774834120.62422,WK_048,25.23,63.76,NORMAL
1774834122.6261704,WK_089,81.85,62.73,NORMAL
1774834124.6305974,WK_004,50.18,52.09,NORMAL
1774834127.138263,WK_102,49.98,45.14,NORMAL
1774834129.1446292,WK_048,24.77,63.37,NORMAL
1774834131.151416,WK_089,82.23,62.29,NORMAL
1774834133.1658373,WK_004,50.61,52.27,NORMAL
1774834135.6725688,WK_102,49.94,44.64,NORMAL
1774834137.679876,WK_048,24.9,64.23,NORMAL
1774834139.6935184,WK_089,82.31,61.83,NORMAL
1774834141.7002277,WK_004,50.47,52.67,NORMAL
1774834144.2069206,WK_102,50.15,44.36,NORMAL
1774834146.2231388,WK_048,24.47,64.47,NORMAL
1774834148.2353058,WK_089,82.16,62.85,NORMAL
1774834150.2415242,WK_004,50.27,52.56,NORMAL
1774834152.7619984,WK_102,49.98,44.05,NORMAL
1774834154.769388,WK_048,24.57,64.75,NORMAL
1774834156.7767327,WK_089,81.41,63.93,NORMAL
1774834158.7934365,WK_004,50.67,52.51,NORMAL
1774834161.3043451,WK_102,49.72,43.8,NORMAL
1774834163.310848,WK_048,24.51,64.03,NORMAL
1774834165.3312397,WK_089,81.36,64.49,NORMAL
1774834167.339058,WK_004,50.72,52.75,NORMAL
1774834169.8524854,WK_102,49.94,43.91,NORMAL
1774834171.859948,WK_048,24.94,65.02,NORMAL
1774834173.8663607,WK_089,80.73,64.83,NORMAL
1774834175.8661535,WK_004,50.31,52.59,NORMAL
1774834178.3844416,WK_102,49.66,44.11,NORMAL
1774834180.394398,WK_048,24.88,64.86,NORMAL
1774834182.4013498,WK_089,80.72,63.81,NORMAL
1774834184.4064734,WK_004,50.22,51.89,NORMAL
1774834186.9147964,WK_102,50.26,44.18,NORMAL
1774834188.9217443,WK_048,24.92,65.14,NORMAL
1774834190.926813,WK_089,80.77,63.61,NORMAL
1774834192.9430642,WK_004,50.4,52.03,NORMAL
1774834195.4626946,WK_102,49.93,43.95,NORMAL
1774834197.4706573,WK_048,25.54,66.2,NORMAL
1774834199.4904425,WK_089,81.21,63.41,NORMAL
1774834201.4978385,WK_004,49.87,51.66,NORMAL
1774834204.02512,WK_102,50.3,43.43,NORMAL
1774834206.0325184,WK_048,25.51,66.36,NORMAL
1774834208.0525005,WK_089,81.44,63.12,NORMAL
1774834210.0602443,WK_004,50.03,51.48,NORMAL
1774834212.567478,WK_102,50.49,43.12,NORMAL
1774834214.5872684,WK_048,25.1,65.83,NORMAL
1774834216.588583,WK_089,81.36,62.37,NORMAL
1774834218.5952659,WK_004,50.19,51.28,NORMAL
1774834221.1021829,WK_102,50.31,42.6,NORMAL
1774834223.1088715,WK_048,24.32,65.39,NORMAL
1774834225.115872,WK_089,81.58,62.2,NORMAL
1774834227.1361184,WK_004,50.52,51.13,NORMAL
1774834229.64349,WK_102,50.27,42.38,NORMAL
1774834231.6506212,WK_048,24.51,65.59,NORMAL
1774834233.6573586,WK_089,81.07,62.74,NORMAL
1774834235.6641011,WK_004,50.56,50.74,NORMAL
1774834238.1710699,WK_102,49.83,42.2,NORMAL
1774834240.1914656,WK_048,24.47,65.52,NORMAL
1774834242.1993406,WK_089,81.55,62.95,NORMAL
1774834244.2060175,WK_004,50.53,50.35,NORMAL
1774834246.7131548,WK_102,50.17,42.06,NORMAL
1774834248.7194588,WK_048,24.33,65.75,NORMAL
1774834250.726545,WK_089,80.97,63.82,NORMAL
1774834252.733954,WK_004,50.44,50.11,NORMAL
1774834255.2403336,WK_102,50.19,41.92,NORMAL
1774834257.2472403,WK_048,24.32,66.31,NORMAL
1774834259.2549417,WK_089,80.81,64.1,NORMAL
1774834261.2612622,WK_004,50.51,50.18,NORMAL
1774834263.7686017,WK_102,50.51,41.34,NORMAL
1774834265.7882018,WK_048,23.94,66.88,NORMAL
1774834267.7961178,WK_089,81.09,62.93,NORMAL
1774834269.7964945,WK_004,50.72,50.53,NORMAL
1774834272.302175,WK_102,50.52,41.39,NORMAL
1774834274.309888,WK_048,23.93,66.67,NORMAL
1774834276.3185072,WK_089,80.85,63.03,NORMAL
1774834278.3275,WK_004,50.39,50.23,NORMAL
1774834280.85128,WK_102,49.84,40.91,NORMAL
1774834282.8712,WK_048,24.3,66.34,NORMAL
1774834284.8753436,WK_089,81.1,62.7,NORMAL
1774834286.8989787,WK_004,50.46,49.3,NORMAL
1774834289.4066112,WK_102,49.83,41.48,NORMAL
1774834291.408556,WK_048,23.9,67.4,NORMAL
1774834293.4230235,WK_089,80.5,63.89,NORMAL
1774834295.4273803,WK_004,50.19,50.07,NORMAL
1774834297.9348357,WK_102,49.87,41.41,NORMAL
1774834299.9415896,WK_048,23.96,67.83,NORMAL
1774834301.958126,WK_089,80.49,65.16,NORMAL
1774834303.9824612,WK_004,50.32,49.96,NORMAL
1774834306.4912958,WK_102,49.81,40.91,NORMAL
1774834308.505068,WK_048,23.7,66.75,NORMAL
1774834310.5114577,WK_089,80.41,65.12,NORMAL
1774834312.5176454,WK_004,50.13,50.06,NORMAL
1774834315.0242758,WK_102,50.16,40.58,NORMAL
1774834317.0310311,WK_048,23.19,65.97,NORMAL
1774834319.031144,WK_089,80.42,65.23,NORMAL
1774834321.0379698,WK_004,50.17,49.81,NORMAL
1774834323.5451975,WK_102,50.45,40.68,NORMAL
1774834325.5594535,WK_048,23.46,65.98,NORMAL
1774834327.5655644,WK_089,80.36,65.01,NORMAL
1774834329.5662868,WK_004,50.36,50.27,NORMAL
1774834332.0732212,WK_102,50.54,40.9,NORMAL
1774834334.0800717,WK_048,23.22,65.86,NORMAL
1774834336.0859673,WK_089,79.91,65.61,NORMAL
1774834338.093768,WK_004,49.94,50.59,NORMAL
1774834340.6005719,WK_102,50.56,40.72,NORMAL
1774834342.6080365,WK_048,23.83,65.51,NORMAL
1774834344.6147637,WK_089,79.93,65.04,NORMAL
1774834346.6204102,WK_004,49.92,50.16,NORMAL
1774834349.1281245,WK_102,50.24,40.35,NORMAL
1774834351.135422,WK_048,23.74,66.58,NORMAL
1774834353.1424093,WK_089,80.21,64.35,NORMAL
1774834355.1488183,WK_004,49.87,50.53,NORMAL
1774834357.663086,WK_102,50.32,40.19,NORMAL
1774834359.6699648,WK_048,23.69,66.94,NORMAL
1774834361.676967,WK_089,79.92,64.36,NORMAL
1774834363.6851428,WK_004,50.21,50.73,NORMAL
1774834366.2036643,WK_102,50.01,40.55,NORMAL
1774834368.218838,WK_048,23.53,66.68,NORMAL
1774834370.225493,WK_089,79.84,64.88,NORMAL
1774834372.232007,WK_004,50.21,50.48,NORMAL
1774834374.7473567,WK_102,49.55,40.52,NORMAL
1774834376.7630577,WK_048,22.99,66.58,NORMAL
1774834378.7890298,WK_089,79.7,64.5,NORMAL
1774834380.8129659,WK_004,49.76,50.57,NORMAL
1774834383.3431087,WK_102,49.43,40.2,NORMAL
1774834385.3598309,WK_048,22.87,66.51,NORMAL
1774834387.3688731,WK_089,80.75,63.83,NORMAL
1774834389.3831215,WK_004,49.44,51.26,NORMAL
1774834391.9085603,WK_102,49.4,39.68,NORMAL
1774834393.9262762,WK_048,22.81,67.21,NORMAL
1774834395.9585118,WK_089,79.99,64.41,NORMAL
1774834397.9676192,WK_004,49.27,51.4,NORMAL
1774834400.4724226,WK_102,50.44,39.43,DANGER
1774834402.4815881,WK_048,22.47,67.77,NORMAL
1774834404.488786,WK_089,80.17,64.65,NORMAL
1774834406.502582,WK_004,49.6,51.35,NORMAL
1774834409.0146966,WK_102,50.31,39.44,DANGER
1774834411.0352886,WK_048,21.87,67.14,NORMAL
1774834413.0573177,WK_089,79.84,65.13,NORMAL
1774834415.0596845,WK_004,49.65,51.72,NORMAL
1774834417.5652406,WK_102,50.39,39.06,DANGER
1774834419.5769796,WK_048,21.83,65.99,NORMAL
1774834421.5944018,WK_089,80.14,64.95,NORMAL
1774834423.6014597,WK_004,50.14,51.42,NORMAL
1774834426.127277,WK_102,50.09,38.93,DANGER
1774834428.1343524,WK_048,21.86,65.15,NORMAL
1774834430.1500273,WK_089,80.34,64.65,NORMAL
1774834432.1560676,WK_004,50.42,51.47,NORMAL
1774834434.6747482,WK_102,50.1,38.99,DANGER
1774834436.7021563,WK_048,22.41,66.29,NORMAL
1774834438.7176428,WK_089,80.26,64.27,NORMAL
1774834440.744318,WK_004,50.7,51.65,NORMAL
1774834443.2730906,WK_102,49.7,38.85,DANGER
1774834445.2805054,WK_048,22.94,66.28,NORMAL
1774834447.2868695,WK_089,79.67,65.74,NORMAL
1774834449.3066177,WK_004,50.88,51.58,NORMAL
1774834451.8283665,WK_102,49.93,38.43,DANGER
1774834453.8502097,WK_048,22.88,66.2,NORMAL
1774834455.8851235,WK_089,80.28,64.88,NORMAL
1774834457.908193,WK_004,50.72,51.96,NORMAL
1774834460.4385188,WK_102,49.27,38.43,DANGER
1774834462.454687,WK_048,23.02,66.46,NORMAL
1774834464.4771328,WK_089,80.63,64.61,NORMAL
1774834466.4808981,WK_004,50.21,52.82,NORMAL
1774834469.000538,WK_102,49.61,38.33,DANGER
1774834471.020606,WK_048,22.35,67.2,NORMAL
1774834473.0306952,WK_089,80.6,64.51,NORMAL
1774834475.0548434,WK_004,50.42,53.14,NORMAL
1774834477.5632992,WK_102,49.64,37.86,DANGER
1774834479.5842304,WK_048,21.64,67.3,NORMAL
1774834481.6069903,WK_089,80.73,64.17,NORMAL
1774834483.633246,WK_004,50.39,52.87,NORMAL
1774834486.165838,WK_102,49.94,38.16,DANGER
1774834488.168251,WK_048,22.02,67.41,NORMAL
1774834490.1720502,WK_089,81.0,64.25,NORMAL
1774834492.2003837,WK_004,50.35,52.82,WARNING
1774834494.7230873,WK_102,50.23,38.18,DANGER
1774834496.7426658,WK_048,22.25,68.02,NORMAL
1774834498.7647395,WK_089,81.86,62.88,NORMAL
1774834500.7763615,WK_004,50.63,52.55,WARNING
1774834503.3023758,WK_102,49.86,38.09,DANGER
1774834505.319492,WK_048,22.18,67.9,NORMAL
1774834507.3251083,WK_089,81.41,63.23,NORMAL
1774834509.329275,WK_004,50.58,52.9,DANGER
1774834511.8348107,WK_102,49.62,37.68,DANGER
1774834513.8417253,WK_048,22.26,68.47,NORMAL
1774834515.8482955,WK_089,81.48,62.62,NORMAL
1774834517.857419,WK_004,50.47,53.72,WARNING
1774834520.3704202,WK_102,50.05,37.56,DANGER
1774834522.3896418,WK_048,21.9,67.81,NORMAL
1774834524.41672,WK_089,81.07,63.69,NORMAL
1774834526.418269,WK_004,50.53,53.3,DANGER
1774834528.9522743,WK_102,49.56,37.16,NORMAL
1774834530.9809299,WK_048,22.01,67.96,NORMAL
1774834532.9868977,WK_089,81.06,63.65,NORMAL
1774834535.0068645,WK_004,50.78,53.34,WARNING
1774834537.5150952,WK_102,49.94,36.93,DANGER
1774834539.5290766,WK_048,21.63,68.19,NORMAL
1774834541.5441494,WK_089,81.07,64.49,NORMAL
1774834543.574592,WK_004,50.97,53.78,WARNING
1774834546.0999753,WK_102,49.89,37.55,NORMAL
1774834548.1070335,WK_048,21.14,68.24,NORMAL
1774834550.123652,WK_089,81.38,63.65,NORMAL
1774834552.132758,WK_004,50.94,53.82,WARNING
1774834554.6494243,WK_102,50.08,36.98,DANGER
1774834556.6623187,WK_048,21.04,67.9,NORMAL
1774834558.694887,WK_089,81.39,63.7,NORMAL
1774834560.7083836,WK_004,50.57,54.07,WARNING
1774834563.226993,WK_102,50.24,36.92,NORMAL
1774834565.2446625,WK_048,21.32,68.43,NORMAL
1774834567.2757072,WK_089,81.45,64.1,NORMAL
1774834569.285459,WK_004,50.14,53.6,WARNING
1774834571.7946153,WK_102,50.22,36.59,NORMAL
1774834573.7960584,WK_048,21.49,68.26,NORMAL
1774834575.818998,WK_089,81.25,62.86,NORMAL
1774834577.857903,WK_004,50.39,53.76,WARNING
1774834580.3848195,WK_102,50.07,36.52,NORMAL
1774834582.4003274,WK_048,21.39,68.18,NORMAL
1774834584.4061203,WK_089,81.37,62.84,NORMAL
1774834586.4266376,WK_004,51.21,53.88,WARNING
1774834588.956361,WK_102,50.11,36.5,NORMAL
1774834590.9845183,WK_048,21.5,68.91,NORMAL
1774834592.9864914,WK_089,81.26,62.54,NORMAL
1774834595.007835,WK_004,51.11,53.51,WARNING
1774834597.5176702,WK_102,50.29,36.64,NORMAL
1774834599.5378897,WK_048,20.71,68.27,NORMAL
1774834601.5530002,WK_089,81.74,62.97,NORMAL
1774834603.5693126,WK_004,50.79,53.88,WARNING
1774834606.0968354,WK_102,50.27,36.42,NORMAL
1774834608.1087267,WK_048,20.7,68.48,NORMAL
1774834610.1157904,WK_089,81.33,63.88,NORMAL
1774834612.1421053,WK_004,50.88,53.36,NORMAL
1774834614.659984,WK_102,50.25,36.43,NORMAL
1774834616.6644614,WK_048,21.28,68.51,NORMAL
1774834618.6706257,WK_089,80.89,63.95,NORMAL
1774834620.6707506,WK_004,51.07,53.21,NORMAL
1774834623.1891894,WK_102,49.81,36.27,NORMAL
1774834625.1901073,WK_048,21.04,68.07,NORMAL
1774834627.194689,WK_089,81.31,63.3,NORMAL
1774834629.2032108,WK_004,50.91,54.38,NORMAL
1774834631.7217646,WK_102,50.01,35.86,NORMAL
1774834633.727231,WK_048,21.71,69.32,NORMAL
1774834635.7503457,WK_089,81.69,62.72,NORMAL
1774834637.7684603,WK_004,50.77,54.63,NORMAL
1774834640.2909918,WK_102,50.0,35.54,NORMAL
1774834642.3178318,WK_048,21.48,68.35,NORMAL
1774834644.3425698,WK_089,82.22,62.29,NORMAL
1774834646.3558326,WK_004,50.86,55.01,NORMAL
1774834648.8850043,WK_102,49.85,35.01,NORMAL
1774834650.9138682,WK_048,20.89,68.35,NORMAL
1774834652.9371245,WK_089,82.01,62.73,NORMAL
1774834654.9515185,WK_004,51.33,55.47,NORMAL
